,sequence_identity_range,templates,models,unique_models,implicit_refined
0,"(35.0, 55.0)",1.0,0.9654654654654654,0.9906687402799378,0.9874411302982732
