,sequence_identity_range,templates,models,unique_models,implicit_refined
0,,1.0,0.9641326415519964,0.9651380439868975,0.9808484848484849
