,sequence_identity_range,templates,models,unique_models,implicit_refined
0,"(0.0, 35.0)",1.0,0.9631536169059876,0.9738396624472574,0.9792027729636048
