,sequence_identity_range,templates,models,unique_models,implicit_refined
0,"(35.0, 55.0)",1.0,0.9309309309309309,0.9032258064516129,0.9857142857142858
