,sequence_identity_range,templates,models,unique_models,implicit_refined
0,"(0.0, 35.0)",1.0,0.9636005902606984,0.9997447677386422,0.9984682154710237
