,sequence_identity_range,templates,models,unique_models,implicit_refined
0,,1.0,0.9587187006541845,0.9997647058823529,0.9576370910802542
