,sequence_identity_range,templates,models,unique_models,implicit_refined
0,"(35.0, 55.0)",1.0,0.9315707620528771,0.998330550918197,0.9749163879598662
