,sequence_identity_range,templates,models,unique_models,implicit_refined
0,"(0.0, 35.0)",1.0,0.9813362185555856,0.9997243660418964,0.9795974634684312
