,sequence_identity_range,templates,models,unique_models,implicit_refined
0,"(0.0, 35.0)",1.0,0.9681528662420382,0.9982943469785575,0.9787649499633878
