,sequence_identity_range,templates,models,unique_models,implicit_refined
0,,1.0,0.9584931197834423,0.9983525535420099,0.9785478547854786
