,sequence_identity_range,templates,models,unique_models,implicit_refined
0,"(0.0, 35.0)",1.0,0.9715302491103203,0.9982905982905983,0.9787181996086106
