,sequence_identity_range,templates,models,unique_models,implicit_refined
0,,1.0,0.9636814798105121,0.9983614232209738,0.9786635404454865
