,sequence_identity_range,templates,models,unique_models,implicit_refined
0,"(0.0, 35.0)",1.0,0.9763713080168777,0.9890521463555172,0.9959219341683658
