,sequence_identity_range,templates,models,unique_models,implicit_refined
0,"(35.0, 55.0)",1.0,0.8901601830663616,0.9318766066838047,0.983448275862069
