,sequence_identity_range,templates,models,unique_models,implicit_refined
0,"(0.0, 35.0)",1.0,0.9637231503579953,0.9888558692421991,0.9954921111945906
