,sequence_identity_range,templates,models,unique_models,implicit_refined
0,,1.0,0.9643582224227385,0.9894736842105263,0.9957446808510638
