,sequence_identity_range,templates,models,unique_models,implicit_refined
0,,1.0,0.9641326415519964,0.9978942442676649,0.9803048065650645
