,sequence_identity_range,templates,models,unique_models,implicit_refined
0,,1.0,0.9589442815249267,0.9978828510938603,0.9806694955209807
