,sequence_identity_range,templates,models,unique_models,implicit_refined
0,"(35.0, 55.0)",1.0,0.8246753246753247,0.9980314960629921,0.9743589743589743
