,sequence_identity_range,templates,models,unique_models,implicit_refined
0,"(0.0, 35.0)",1.0,0.9802666666666666,0.9975516866158868,0.9814562312517043
