,sequence_identity_range,templates,models,unique_models,implicit_refined
0,"(35.0, 55.0)",1.0,0.848202396804261,0.9277864992150706,0.9813874788494078
