,sequence_identity_range,templates,models,unique_models,implicit_refined
0,,1.0,0.9589442815249267,0.9703599153140438,0.9801212121212122
