,sequence_identity_range,templates,models,unique_models,implicit_refined
0,"(35.0, 55.0)",1.0,0.8788282290279628,0.9848484848484849,0.9830769230769231
