,sequence_identity_range,templates,models,unique_models,implicit_refined
0,"(0.0, 35.0)",1.0,0.9807857757384572,0.9859649122807017,0.9795373665480427
