,sequence_identity_range,templates,models,unique_models,implicit_refined
0,"(0.0, 35.0)",1.0,0.9807857757384572,0.9698830409356726,0.9798010250226108
