,sequence_identity_range,templates,models,unique_models,implicit_refined
0,"(0.0, 35.0)",1.0,0.9626220362622037,0.9878296146044625,0.9994133176884717
