,sequence_identity_range,templates,models,unique_models,implicit_refined
0,"(35.0, 55.0)",1.0,0.8670391061452514,0.9600515463917526,0.9865771812080537
