,sequence_identity_range,templates,models,unique_models,implicit_refined
0,"(0.0, 35.0)",1.0,0.9812925170068028,0.9916233391103408,0.9831051558403728
