,sequence_identity_range,templates,models,unique_models,implicit_refined
0,,1.0,0.9632303180690277,0.9913348946135832,0.9836995038979447
