,sequence_identity_range,templates,models,unique_models,implicit_refined
0,"(35.0, 55.0)",1.0,0.8927374301675978,0.9899874843554443,0.9860935524652339
