,sequence_identity_range,templates,models,unique_models,implicit_refined
0,,1.0,0.9589442815249267,0.9844742413549753,0.9990442054958184
