,sequence_identity_range,templates,models,unique_models,implicit_refined
0,"(0.0, 35.0)",1.0,0.9638326585695006,0.9865583870064407,0.9988646040306557
