,sequence_identity_range,templates,models,unique_models,implicit_refined
0,"(35.0, 55.0)",1.0,0.8707692307692307,0.9988221436984688,0.9775943396226415
