,sequence_identity_range,templates,models,unique_models,implicit_refined
0,"(0.0, 35.0)",1.0,0.9840902516632919,0.9997060552616108,0.9788297559541311
