,sequence_identity_range,templates,models,unique_models,implicit_refined
0,"(35.0, 55.0)",1.0,0.9439102564102564,0.9932088285229203,0.9794871794871794
