,sequence_identity_range,templates,models,unique_models,implicit_refined
0,"(0.0, 35.0)",1.0,0.9662423907028224,0.9739404352806414,0.9814760364598647
