,sequence_identity_range,templates,models,unique_models,implicit_refined
0,"(55.0, 101.0)",1.0,0.9948717948717949,0.8402061855670103,0.9754601226993865
