,sequence_identity_range,templates,models,unique_models,implicit_refined
0,,1.0,0.9591698623956688,0.9764816556914393,0.9802504816955684
