,sequence_identity_range,templates,models,unique_models,implicit_refined
0,"(35.0, 55.0)",1.0,0.8759213759213759,0.9985974754558204,0.9831460674157303
