,sequence_identity_range,templates,models,unique_models,implicit_refined
0,"(35.0, 55.0)",1.0,0.8476658476658476,0.9985507246376811,0.9811320754716981
