,sequence_identity_range,templates,models,unique_models,implicit_refined
0,"(0.0, 35.0)",1.0,0.9792243767313019,0.9963224893917964,0.9982964224872232
