,sequence_identity_range,templates,models,unique_models,implicit_refined
0,"(35.0, 55.0)",1.0,0.862565445026178,0.9969650986342944,0.9969558599695586
