,sequence_identity_range,templates,models,unique_models,implicit_refined
0,,1.0,0.9584931197834423,0.9962344080960226,0.9981100874084574
