,sequence_identity_range,templates,models,unique_models,implicit_refined
0,,1.0,0.9636814798105121,0.9969569288389513,0.9981216247945527
