,sequence_identity_range,templates,models,unique_models,implicit_refined
0,"(0.0, 35.0)",1.0,0.9792243767313019,0.9991513437057992,0.9983012457531144
