,sequence_identity_range,templates,models,unique_models,implicit_refined
0,"(35.0, 55.0)",1.0,0.8858638743455497,0.9539007092198581,1.0483271375464684
