,sequence_identity_range,templates,models,unique_models,implicit_refined
0,"(35.0, 55.0)",1.0,0.8735483870967742,0.9542097488921714,0.9984520123839009
