,sequence_identity_range,templates,models,unique_models,implicit_refined
0,"(0.0, 35.0)",1.0,0.9824207492795389,0.9911997653270754,0.9973364900858243
