,sequence_identity_range,templates,models,unique_models,implicit_refined
0,,1.0,0.9645838032934807,0.9623479887745556,0.9970838396111786
