,sequence_identity_range,templates,models,unique_models,implicit_refined
0,"(35.0, 55.0)",1.0,0.8752620545073375,0.8862275449101796,0.9986486486486487
