,sequence_identity_range,templates,models,unique_models,implicit_refined
0,"(0.0, 35.0)",1.0,0.9827039492649179,0.9759460252273394,0.9966937180643222
