,sequence_identity_range,templates,models,unique_models,implicit_refined
0,"(0.0, 35.0)",1.0,0.9818631492168178,0.9974811083123426,0.9828843995510662
