,sequence_identity_range,templates,models,unique_models,implicit_refined
0,"(35.0, 55.0)",1.0,0.8796414852752881,0.9359534206695779,0.995334370139969
