,sequence_identity_range,templates,models,unique_models,implicit_refined
0,,1.0,0.9639070606812542,0.9702784928621577,0.9944524843222383
