,sequence_identity_range,templates,models,unique_models,implicit_refined
0,"(35.0, 55.0)",1.0,0.8501920614596671,0.9307228915662651,0.9951456310679612
