,sequence_identity_range,templates,models,unique_models,implicit_refined
0,,1.0,0.9587187006541845,0.9687058823529412,0.9941705125091086
