,sequence_identity_range,templates,models,unique_models,implicit_refined
0,"(0.0, 35.0)",1.0,0.9650408796165774,0.9754601226993865,0.9823300389338125
