,sequence_identity_range,templates,models,unique_models,implicit_refined
0,"(35.0, 55.0)",1.0,0.9131693198263386,0.9381933438985737,0.9847972972972973
