,sequence_identity_range,templates,models,unique_models,implicit_refined
0,"(35.0, 55.0)",1.0,0.9464544138929089,0.9954128440366973,0.9861751152073732
