,sequence_identity_range,templates,models,unique_models,implicit_refined
0,"(0.0, 35.0)",1.0,0.9643501805054152,0.9997660271408516,0.9957875029253452
