,sequence_identity_range,templates,models,unique_models,implicit_refined
0,"(0.0, 35.0)",1.0,0.9726683572837419,0.9889918887601391,0.9994141769185706
