,sequence_identity_range,templates,models,unique_models,implicit_refined
0,"(0.0, 35.0)",1.0,0.9816296296296296,0.9888318744340477,0.9786324786324786
