,sequence_identity_range,templates,models,unique_models,implicit_refined
0,"(0.0, 35.0)",1.0,0.9816296296296296,0.9987926350739511,0.9785433665760048
