,sequence_identity_range,templates,models,unique_models,implicit_refined
0,"(55.0, 101.0)",1.0,0.9940119760479041,0.8433734939759037,0.9857142857142858
