,sequence_identity_range,templates,models,unique_models,implicit_refined
0,"(35.0, 55.0)",1.0,0.8922558922558923,0.9861635220125786,0.9846938775510204
