,sequence_identity_range,templates,models,unique_models,implicit_refined
0,,1.0,0.9641326415519964,0.9887693027608797,0.9801230477993375
