,sequence_identity_range,templates,models,unique_models,implicit_refined
0,"(0.0, 35.0)",1.0,0.9606039160179287,0.9666011787819253,0.9911077235772358
