,sequence_identity_range,templates,models,unique_models,implicit_refined
0,"(0.0, 35.0)",1.0,0.9718590108015918,0.9830359754314127,0.9809580481999405
