,sequence_identity_range,templates,models,unique_models,implicit_refined
0,"(35.0, 55.0)",1.0,0.9138888888888889,0.9954407294832827,0.9862595419847329
