,sequence_identity_range,templates,models,unique_models,implicit_refined
0,,1.0,0.9634558989397699,0.9742449075158043,0.9824561403508771
