,sequence_identity_range,templates,models,unique_models,implicit_refined
0,"(0.0, 35.0)",1.0,0.9806469449820293,0.9994361432196223,0.9805359661495063
