,sequence_identity_range,templates,models,unique_models,implicit_refined
0,"(35.0, 55.0)",1.0,0.8746803069053708,0.9985380116959064,0.9824304538799414
