,sequence_identity_range,templates,models,unique_models,implicit_refined
0,"(0.0, 35.0)",1.0,0.9766162310866575,0.9997183098591549,0.9805579036348268
