,sequence_identity_range,templates,models,unique_models,implicit_refined
0,"(35.0, 55.0)",1.0,0.8743047830923248,0.9961832061068703,0.9948914431673053
