,sequence_identity_range,templates,models,unique_models,implicit_refined
0,"(0.0, 35.0)",1.0,0.9806598407281001,0.9994199535962877,0.9976784677887406
