,sequence_identity_range,templates,models,unique_models,implicit_refined
0,,1.0,0.9645838032934807,0.9756782039289055,0.9832214765100671
