,sequence_identity_range,templates,models,unique_models,implicit_refined
0,"(0.0, 35.0)",1.0,0.9841530054644809,0.9789006107717935,0.9824163357912649
