,sequence_identity_range,templates,models,unique_models,implicit_refined
0,"(35.0, 55.0)",1.0,0.871927554980595,0.9584569732937686,0.9876160990712074
