,sequence_identity_range,templates,models,unique_models,implicit_refined
0,"(35.0, 55.0)",1.0,0.8421733505821475,0.9001536098310292,0.9863481228668942
