,sequence_identity_range,templates,models,unique_models,implicit_refined
0,"(0.0, 35.0)",1.0,0.9653429602888086,0.9997506856145599,0.9765586034912718
