,sequence_identity_range,templates,models,unique_models,implicit_refined
0,,1.0,0.9632303180690277,0.9768149882903981,0.9995204986813714
