,sequence_identity_range,templates,models,unique_models,implicit_refined
0,"(0.0, 35.0)",1.0,0.9718633362044214,0.9805022156573117,0.9993974088580898
