,sequence_identity_range,templates,models,unique_models,implicit_refined
0,,1.0,0.9578163771712159,0.9762129062647197,0.9995174909529554
