,sequence_identity_range,templates,models,unique_models,implicit_refined
0,"(0.0, 35.0)",1.0,0.9621954634556147,0.9848661233993015,0.9976359338061466
