,sequence_identity_range,templates,models,unique_models,implicit_refined
0,"(35.0, 55.0)",1.0,0.9569074778200254,0.9298013245033112,0.9985754985754985
