,sequence_identity_range,templates,models,unique_models,implicit_refined
0,"(35.0, 55.0)",1.0,0.9860583016476553,0.9961439588688946,0.9987096774193548
