,sequence_identity_range,templates,models,unique_models,implicit_refined
0,"(0.0, 35.0)",1.0,0.9619883040935673,0.9889472229897762,0.9986029617211511
