,sequence_identity_range,templates,models,unique_models,implicit_refined
0,"(35.0, 55.0)",1.0,0.9341021416803954,0.9047619047619048,0.9980506822612085
