,sequence_identity_range,templates,models,unique_models,implicit_refined
0,"(35.0, 55.0)",1.0,0.9719934102141681,0.9949152542372881,0.9982964224872232
