,sequence_identity_range,templates,models,unique_models,implicit_refined
0,"(0.0, 35.0)",1.0,0.9619883040935673,0.9726443768996961,0.9985795454545454
