,sequence_identity_range,templates,models,unique_models,implicit_refined
0,"(35.0, 55.0)",1.0,0.9272445820433437,0.8914858096828047,0.9812734082397003
