,sequence_identity_range,templates,models,unique_models,implicit_refined
0,"(0.0, 35.0)",1.0,0.9638911344651038,0.9846239865809338,0.9806927881885292
