,sequence_identity_range,templates,models,unique_models,implicit_refined
0,"(35.0, 55.0)",1.0,0.9628482972136223,0.9790996784565916,0.9835796387520526
