,sequence_identity_range,templates,models,unique_models,implicit_refined
0,"(0.0, 35.0)",1.0,0.9638911344651038,0.9700866648029075,0.9815561959654179
