,sequence_identity_range,templates,models,unique_models,implicit_refined
0,"(0.0, 35.0)",1.0,0.9652844744455159,0.9997502497502497,0.9965026230327254
