,sequence_identity_range,templates,models,unique_models,implicit_refined
0,,1.0,0.9591698623956688,0.9884760112888052,0.9816797525576969
