,sequence_identity_range,templates,models,unique_models,implicit_refined
0,"(0.0, 35.0)",1.0,0.9864253393665159,0.9959862385321101,0.9818652849740933
