,sequence_identity_range,templates,models,unique_models,implicit_refined
0,"(35.0, 55.0)",1.0,0.8517279821627648,0.9541884816753927,0.9807956104252401
