,sequence_identity_range,templates,models,unique_models,implicit_refined
0,,1.0,0.9643582224227385,0.9897076023391813,0.9820373434176317
