,sequence_identity_range,templates,models,unique_models,implicit_refined
0,"(35.0, 55.0)",1.0,0.8773690078037905,0.9961880559085133,0.9821428571428571
