,sequence_identity_range,templates,models,unique_models,implicit_refined
0,"(0.0, 35.0)",1.0,0.9601409978308026,0.9920926292007908,0.9812126387702819
