,sequence_identity_range,templates,models,unique_models,implicit_refined
0,"(35.0, 55.0)",1.0,0.9507462686567164,0.9105180533751962,0.9862068965517241
