,sequence_identity_range,templates,models,unique_models,implicit_refined
0,,1.0,0.9587187006541845,0.9990588235294118,0.9964672633066416
