,sequence_identity_range,templates,models,unique_models,implicit_refined
0,,1.0,0.9639070606812542,0.9990638895389656,0.9964862965565706
