,sequence_identity_range,templates,models,unique_models,implicit_refined
0,"(0.0, 35.0)",1.0,0.9718608972657287,0.9989074023490849,0.9964451736395953
