,sequence_identity_range,templates,models,unique_models,implicit_refined
0,"(35.0, 55.0)",1.0,0.8775834658187599,0.9945652173913043,0.9963570127504554
