,sequence_identity_range,templates,models,unique_models,implicit_refined
0,"(0.0, 35.0)",1.0,0.9630503144654088,0.9942857142857143,0.9994526546250684
