,sequence_identity_range,templates,models,unique_models,implicit_refined
0,,1.0,0.9639070606812542,0.9943833372337936,0.9995293010120028
