,sequence_identity_range,templates,models,unique_models,implicit_refined
0,"(0.0, 35.0)",1.0,0.9628719628719629,0.9971647292316416,0.9994313335228888
