,sequence_identity_range,templates,models,unique_models,implicit_refined
0,,1.0,0.9639070606812542,0.9920430610812075,0.9995281906109932
