,sequence_identity_range,templates,models,unique_models,implicit_refined
0,,1.0,0.9587187006541845,0.9922352941176471,0.9995257291913683
