,sequence_identity_range,templates,models,unique_models,implicit_refined
0,"(35.0, 55.0)",1.0,0.8993506493506493,0.9771359807460891,0.9963054187192119
