,sequence_identity_range,templates,models,unique_models,implicit_refined
0,"(0.0, 35.0)",1.0,0.9815242494226328,0.9902941176470588,0.9795069795069795
