,sequence_identity_range,templates,models,unique_models,implicit_refined
0,"(35.0, 55.0)",1.0,0.8744588744588745,0.8997524752475248,0.9876203576341128
