,sequence_identity_range,templates,models,unique_models,implicit_refined
0,,1.0,0.9645838032934807,0.9766136576239476,0.9956896551724138
