,sequence_identity_range,templates,models,unique_models,implicit_refined
0,"(0.0, 35.0)",1.0,0.9626444504165547,0.9944165270798436,0.9994385176866929
