,sequence_identity_range,templates,models,unique_models,implicit_refined
0,,1.0,0.9643582224227385,0.9887719298245614,0.9995268511947007
