,sequence_identity_range,templates,models,unique_models,implicit_refined
0,"(35.0, 55.0)",1.0,0.8408736349453978,0.9981447124304267,0.9776951672862454
