,sequence_identity_range,templates,models,unique_models,implicit_refined
0,"(0.0, 35.0)",1.0,0.9798994974874372,0.9997300944669366,0.9778617710583153
