,sequence_identity_range,templates,models,unique_models,implicit_refined
0,"(0.0, 35.0)",1.0,0.9637949260042283,0.9871126953660543,0.9794444444444445
