,sequence_identity_range,templates,models,unique_models,implicit_refined
0,"(0.0, 35.0)",1.0,0.9637949260042283,0.9945160405812997,0.9793217535153019
