,sequence_identity_range,templates,models,unique_models,implicit_refined
0,"(35.0, 55.0)",1.0,0.9265905383360522,0.9559859154929577,0.9815837937384899
