,sequence_identity_range,templates,models,unique_models,implicit_refined
0,"(0.0, 35.0)",1.0,0.9816801884323475,0.9997334044254865,0.9781333333333333
