,sequence_identity_range,templates,models,unique_models,implicit_refined
0,"(0.0, 35.0)",1.0,0.9639920612418486,0.9838235294117647,0.9958146487294469
