,sequence_identity_range,templates,models,unique_models,implicit_refined
0,"(35.0, 55.0)",1.0,0.9361207897793263,0.9218362282878412,0.9825033647375505
