,sequence_identity_range,templates,models,unique_models,implicit_refined
0,"(0.0, 35.0)",1.0,0.9639920612418486,0.9944117647058823,0.9822537710736469
