,sequence_identity_range,templates,models,unique_models,implicit_refined
0,"(0.0, 35.0)",1.0,0.9810606060606061,0.9997242140099283,0.9787586206896551
