,sequence_identity_range,templates,models,unique_models,implicit_refined
0,,1.0,0.9639070606812542,0.9997659723847414,0.9796348314606742
