,sequence_identity_range,templates,models,unique_models,implicit_refined
0,"(0.0, 35.0)",1.0,0.9801565120178871,0.9991445680068435,0.9868721461187214
