,sequence_identity_range,templates,models,unique_models,implicit_refined
0,,1.0,0.9636814798105121,0.9988295880149812,0.9868760253105227
