,sequence_identity_range,templates,models,unique_models,implicit_refined
0,"(0.0, 35.0)",1.0,0.9801565120178871,0.9985742800114058,0.9868646487721302
