,sequence_identity_range,templates,models,unique_models,implicit_refined
0,"(35.0, 55.0)",1.0,0.8673835125448028,0.9972451790633609,0.9875690607734806
