,sequence_identity_range,templates,models,unique_models,implicit_refined
0,"(0.0, 35.0)",1.0,0.9756895745675549,0.9997604216578821,0.9666906302420321
