,sequence_identity_range,templates,models,unique_models,implicit_refined
0,"(0.0, 35.0)",1.0,0.9808321645628798,0.9997616777883699,0.9809296781883194
