,sequence_identity_range,templates,models,unique_models,implicit_refined
0,"(0.0, 35.0)",1.0,0.9754558204768583,0.9997603642463455,0.9817833173537871
