,sequence_identity_range,templates,models,unique_models,implicit_refined
0,,1.0,0.9591698623956688,0.9680150517403575,0.9810495626822158
