,sequence_identity_range,templates,models,unique_models,implicit_refined
0,,1.0,0.9643582224227385,0.9716959064327485,0.9817043813192105
