,sequence_identity_range,templates,models,unique_models,implicit_refined
0,"(35.0, 55.0)",1.0,0.8693333333333333,0.9340490797546013,0.9852216748768473
