,sequence_identity_range,templates,models,unique_models,implicit_refined
0,"(0.0, 35.0)",1.0,0.9830897105187733,0.9775510204081632,0.9803161348046525
