,sequence_identity_range,templates,models,unique_models,implicit_refined
0,"(35.0, 55.0)",1.0,0.8386666666666667,0.9554848966613673,0.9833610648918469
