,sequence_identity_range,templates,models,unique_models,implicit_refined
0,"(0.0, 35.0)",1.0,0.9686617730095991,0.9962110171961527,0.9994148624926857
