,sequence_identity_range,templates,models,unique_models,implicit_refined
0,"(0.0, 35.0)",1.0,0.9686617730095991,0.9880501311570971,0.9994100294985251
