,sequence_identity_range,templates,models,unique_models,implicit_refined
0,"(0.0, 35.0)",1.0,0.9768204167642238,0.9997603068072867,0.9649964037401103
