,sequence_identity_range,templates,models,unique_models,implicit_refined
0,,1.0,0.9645838032934807,0.9840972871842844,0.9814638783269962
