,sequence_identity_range,templates,models,unique_models,implicit_refined
0,"(0.0, 35.0)",1.0,0.9627359646972297,0.9826839826839827,0.9816014511531485
