,sequence_identity_range,templates,models,unique_models,implicit_refined
0,"(0.0, 35.0)",1.0,0.9571078431372549,0.9882202304737516,0.9803057786991448
