,sequence_identity_range,templates,models,unique_models,implicit_refined
0,"(35.0, 55.0)",1.0,0.9795918367346939,0.9708333333333333,0.9742489270386266
