,sequence_identity_range,templates,models,unique_models,implicit_refined
0,"(0.0, 35.0)",1.0,0.9653193016024875,0.9955401387512388,0.9810851169736187
