,sequence_identity_range,templates,models,unique_models,implicit_refined
0,"(0.0, 35.0)",1.0,0.9751131221719457,0.9997422015983501,0.9951005673027333
