,sequence_identity_range,templates,models,unique_models,implicit_refined
0,,1.0,0.9582675389127002,0.9997645951035782,0.9799858723805038
