,sequence_identity_range,templates,models,unique_models,implicit_refined
0,,1.0,0.9636814798105121,0.9915730337078652,0.9822946175637394
