,sequence_identity_range,templates,models,unique_models,implicit_refined
0,,1.0,0.9584931197834423,0.9908213697340551,0.9817102137767221
