,sequence_identity_range,templates,models,unique_models,implicit_refined
0,"(35.0, 55.0)",1.0,0.8198581560283688,0.9896193771626297,0.9790209790209791
