,sequence_identity_range,templates,models,unique_models,implicit_refined
0,"(35.0, 55.0)",1.0,0.8524822695035461,0.9950083194675541,0.9816053511705686
