,sequence_identity_range,templates,models,unique_models,implicit_refined
0,"(0.0, 35.0)",1.0,0.9647847959754052,0.9913093858632677,0.9988310929281122
