,sequence_identity_range,templates,models,unique_models,implicit_refined
0,,1.0,0.9589442815249267,0.9905904493060457,0.9990501068629779
