,sequence_identity_range,templates,models,unique_models,implicit_refined
0,"(0.0, 35.0)",1.0,0.9602169981916817,0.9995291902071564,0.9804521902967499
