,sequence_identity_range,templates,models,unique_models,implicit_refined
0,"(0.0, 35.0)",1.0,0.9654159132007233,0.9992975883867946,0.9805529522024368
