,sequence_identity_range,templates,models,unique_models,implicit_refined
0,,1.0,0.9591698623956688,0.9992944496707432,0.9802306425041186
