,sequence_identity_range,templates,models,unique_models,implicit_refined
0,"(0.0, 35.0)",1.0,0.9822685788787484,0.9997345367666578,0.9790228359001594
