,sequence_identity_range,templates,models,unique_models,implicit_refined
0,"(0.0, 35.0)",1.0,0.9806243272335845,0.9997255762897914,0.9774910787812243
