,sequence_identity_range,templates,models,unique_models,implicit_refined
0,"(0.0, 35.0)",1.0,0.9768149882903981,0.9997602493406856,0.9925659472422063
