,sequence_identity_range,templates,models,unique_models,implicit_refined
0,,1.0,0.9645838032934807,0.9997661365762395,0.9925146198830409
