,sequence_identity_range,templates,models,unique_models,implicit_refined
0,"(0.0, 35.0)",1.0,0.9822014051522249,0.9997615641392466,0.9923682327689005
