,sequence_identity_range,templates,models,unique_models,implicit_refined
0,"(0.0, 35.0)",1.0,0.9633810572687225,0.9919977136324665,0.9982713915298185
