,sequence_identity_range,templates,models,unique_models,implicit_refined
0,"(35.0, 55.0)",1.0,0.9821428571428571,0.9958041958041958,0.9971910112359551
