,sequence_identity_range,templates,models,unique_models,implicit_refined
0,"(0.0, 35.0)",1.0,0.9633810572687225,0.9979994284081166,0.9982817869415808
