,sequence_identity_range,templates,models,unique_models,implicit_refined
0,"(35.0, 55.0)",1.0,0.9505494505494505,0.9624277456647399,0.996996996996997
