,sequence_identity_range,templates,models,unique_models,implicit_refined
0,"(0.0, 35.0)",1.0,0.9805042890564076,0.9997348886532343,0.9875364624767966
