,sequence_identity_range,templates,models,unique_models,implicit_refined
0,"(0.0, 35.0)",1.0,0.9633235227529998,0.9997649823736781,0.9941231781852374
