,sequence_identity_range,templates,models,unique_models,implicit_refined
0,"(0.0, 35.0)",1.0,0.9581163685759565,0.9997637051039697,0.9945639328763886
