,sequence_identity_range,templates,models,unique_models,implicit_refined
0,"(0.0, 35.0)",1.0,0.9643489254108724,0.9887257472469848,0.9984089101034208
