,sequence_identity_range,templates,models,unique_models,implicit_refined
0,"(0.0, 35.0)",1.0,0.9589897474368592,0.9906127770534551,0.9984206370097394
