,sequence_identity_range,templates,models,unique_models,implicit_refined
0,"(35.0, 55.0)",1.0,0.9484732824427481,0.9979879275653923,0.9858870967741935
