,sequence_identity_range,templates,models,unique_models,implicit_refined
0,"(0.0, 35.0)",1.0,0.9664532650448143,0.9997350291467939,0.9803869599787968
