,sequence_identity_range,templates,models,unique_models,implicit_refined
0,"(0.0, 35.0)",1.0,0.9642352941176471,0.9997559785261103,0.9980473517207713
