,sequence_identity_range,templates,models,unique_models,implicit_refined
0,"(0.0, 35.0)",1.0,0.9587187006541845,0.9992941176470588,0.9802213327054391
