,sequence_identity_range,templates,models,unique_models,implicit_refined
0,"(0.0, 35.0)",1.0,0.9602169981916817,0.9997645951035782,0.9809277136802449
