,sequence_identity_range,templates,models,unique_models,implicit_refined
0,"(0.0, 35.0)",1.0,0.9720837487537388,0.9997435897435898,0.9989740959220312
