,sequence_identity_range,templates,models,unique_models,implicit_refined
0,"(0.0, 35.0)",1.0,0.9810348864434558,0.9997613365155131,0.9601336834566723
