,sequence_identity_range,templates,models,unique_models,implicit_refined
0,,1.0,0.9634558989397699,0.9997658627955982,0.9601873536299765
