,sequence_identity_range,templates,models,unique_models,implicit_refined
0,"(0.0, 35.0)",1.0,0.9820958399157451,0.9997319034852546,0.9809600429069456
