,sequence_identity_range,templates,models,unique_models,implicit_refined
0,,1.0,0.9643582224227385,0.9997660818713451,0.9801123069723912
