,sequence_identity_range,templates,models,unique_models,implicit_refined
0,"(35.0, 55.0)",1.0,0.8628389154704944,0.9981515711645101,0.9740740740740741
