,sequence_identity_range,templates,models,unique_models,implicit_refined
0,"(0.0, 35.0)",1.0,0.9624478442280946,0.9901734104046243,0.9988324576765908
