,sequence_identity_range,templates,models,unique_models,implicit_refined
0,,1.0,0.9584931197834423,0.9825841374441044,0.9990419161676647
