,sequence_identity_range,templates,models,unique_models,implicit_refined
0,"(0.0, 35.0)",1.0,0.9624478442280946,0.9817919075144509,0.9988224904327347
