,sequence_identity_range,templates,models,unique_models,implicit_refined
0,"(0.0, 35.0)",1.0,0.9701050363587396,0.9911160466407551,0.9980392156862745
