,sequence_identity_range,templates,models,unique_models,implicit_refined
0,"(35.0, 55.0)",1.0,0.9298245614035088,0.9984276729559748,0.9968503937007874
