,sequence_identity_range,templates,models,unique_models,implicit_refined
0,,1.0,0.9589442815249267,0.9903552105386968,0.9980997624703087
