,sequence_identity_range,templates,models,unique_models,implicit_refined
0,,1.0,0.9587187006541845,0.9934117647058823,0.9789199431549029
