,sequence_identity_range,templates,models,unique_models,implicit_refined
0,"(0.0, 35.0)",1.0,0.9640010992030777,0.9940136830102623,0.9784915400057356
