,sequence_identity_range,templates,models,unique_models,implicit_refined
0,"(35.0, 55.0)",1.0,0.9575402635431918,0.9954128440366973,0.9815668202764977
