,sequence_identity_range,templates,models,unique_models,implicit_refined
0,"(35.0, 55.0)",1.0,0.823076923076923,0.9981308411214953,0.9794007490636704
