,sequence_identity_range,templates,models,unique_models,implicit_refined
0,,1.0,0.9632303180690277,0.9976580796252927,0.9800469483568075
