,sequence_identity_range,templates,models,unique_models,implicit_refined
0,"(0.0, 35.0)",1.0,0.9808934337997847,0.9972565157750343,0.9804676753782668
