,sequence_identity_range,templates,models,unique_models,implicit_refined
0,"(0.0, 35.0)",1.0,0.9811853245531514,0.9997603068072867,0.9621193958283385
