,sequence_identity_range,templates,models,unique_models,implicit_refined
0,,1.0,0.9632303180690277,0.9997658079625292,0.9622862497071913
