,sequence_identity_range,templates,models,unique_models,implicit_refined
0,"(0.0, 35.0)",1.0,0.9757761053621825,0.9997589780670041,0.9619093539054966
