,sequence_identity_range,templates,models,unique_models,implicit_refined
0,"(0.0, 35.0)",1.0,0.9630379746835444,0.9978969505783386,0.9797154899894626
