,sequence_identity_range,templates,models,unique_models,implicit_refined
0,"(35.0, 55.0)",1.0,0.9659863945578231,0.9929577464788732,0.9787234042553191
