,sequence_identity_range,templates,models,unique_models,implicit_refined
0,"(0.0, 35.0)",1.0,0.9576653306613226,0.9986921266021449,0.9798323729701415
