,sequence_identity_range,templates,models,unique_models,implicit_refined
0,"(35.0, 55.0)",1.0,0.8587662337662337,0.9829867674858223,0.9865384615384616
