,sequence_identity_range,templates,models,unique_models,implicit_refined
0,"(0.0, 35.0)",1.0,0.9757849920170303,0.9975456776656667,0.9803171131765992
