,sequence_identity_range,templates,models,unique_models,implicit_refined
0,"(0.0, 35.0)",1.0,0.9796845763164929,0.9929058663028649,0.9804891453696071
