,sequence_identity_range,templates,models,unique_models,implicit_refined
0,,1.0,0.9641326415519964,0.9939167056621432,0.9814030131826742
