,sequence_identity_range,templates,models,unique_models,implicit_refined
0,"(0.0, 35.0)",1.0,0.9811422413793104,0.9986271279516749,0.9804784162771515
