,sequence_identity_range,templates,models,unique_models,implicit_refined
0,"(35.0, 55.0)",1.0,0.8411347517730496,0.9932546374367622,0.9813242784380306
