,sequence_identity_range,templates,models,unique_models,implicit_refined
0,,1.0,0.9641326415519964,0.9988301357042583,0.9807917545092527
