,sequence_identity_range,templates,models,unique_models,implicit_refined
0,"(0.0, 35.0)",1.0,0.9846110002849815,0.9780028943560057,0.9792838117786328
