,sequence_identity_range,templates,models,unique_models,implicit_refined
0,"(35.0, 55.0)",1.0,0.8880434782608696,0.9485924112607099,0.9858064516129033
