,sequence_identity_range,templates,models,unique_models,implicit_refined
0,,1.0,0.9591698623956688,0.9684854186265287,0.9798445847498786
