,sequence_identity_range,templates,models,unique_models,implicit_refined
0,"(35.0, 55.0)",1.0,0.8630434782608696,0.8992443324937027,0.9831932773109243
